Library_name,Fastq_file,Total_reads,Properly_mapped_reads,Total_reference_bases,Median_base_coverage,Mean_base_coverage,Bases_with_zero_coverage,Bases_with_lessthan10_coverage,Raw_BCFtools_variants,High_quality_variants,Reads_in_Filtered_Variation_Analysis,Seq_reads_name,Sample_ID,Sample,Sequencing_results_folder_name,Sequencing_sample,Culture,Timepoint,Evolution_conditions,Description,Notes
SE10,4HDRNF_1_filtered.fastq,180289,180289,4642499,409,386.2,0,0,3,3,,4HDRNF_1_filtered.fastq,4HDRNF_1,AZ01_S01,1,4HDRNF_1_AZ01_S01,AZ01,S01,Azithromycin,AZculturesampledfromstartofevolutionexperiment,
SE16,4HDRNF_10_filtered.fastq,122972,122972,4642499,266,247.9,0,0,7,6,,4HDRNF_10_filtered.fastq,4HDRNF_10,AZ04_S01,10,4HDRNF_10_AZ04_S01,AZ04,S01,Azithromycin,AZculturesampledfromstartofevolutionexperiment,
SE17,4HDRNF_11_filtered.fastq,68254,68254,4642499,138,133.5,0,0,19,15,,4HDRNF_11_filtered.fastq,4HDRNF_11,AZ04_S04,11,4HDRNF_11_AZ04_S04,AZ04,S04,Azithromycin,AZculturesampledfrommiddleofevolutionexperiment,
SE18,4HDRNF_12_filtered.fastq,78236,78236,4642499,180,175.2,0,0,17,11,,4HDRNF_12_filtered.fastq,4HDRNF_12,AZ04_S07,12,4HDRNF_12_AZ04_S07,AZ04,S07,Azithromycin,AZculturesampledfromendofevolutionexperiment,
SE21,4HDRNF_13_filtered.fastq,94424,94424,4642499,218,211,0,0,22,17,,4HDRNF_13_filtered.fastq,4HDRNF_13,AZ05_S01,13,4HDRNF_13_AZ05_S01,AZ05,S01,Azithromycin,AZculturesampledfromstartofevolutionexperiment,
SE19,4HDRNF_14_filtered.fastq,50338,50338,4642499,122,120.4,0,0,28,17,,4HDRNF_14_filtered.fastq,4HDRNF_14,AZ05_S04,14,4HDRNF_14_AZ05_S04,AZ05,S04,Azithromycin,AZculturesampledfrommiddleofevolutionexperiment,
SE20,4HDRNF_15_filtered.fastq,177725,177725,4642499,386,382.1,0,0,9,8,,4HDRNF_15_filtered.fastq,4HDRNF_15,AZ05_S07,15,4HDRNF_15_AZ05_S07,AZ05,S07,Azithromycin,AZculturesampledfromendofevolutionexperiment,
SE14,4HDRNF_16_filtered.fastq,161202,161201,4642499,287,275.2,0,0,7,6,,4HDRNF_16_filtered.fastq,4HDRNF_16,CN01_S01,16,4HDRNF_16_CN01_S01,CN01,S01,NoAzithromycin,No-AZculturesampledfromstartofevolutionexperiment,
SE12,4HDRNF_17_filtered.fastq,185443,185443,4642499,371,356.6,0,0,6,5,,4HDRNF_17_filtered.fastq,4HDRNF_17,CN01_S04,17,4HDRNF_17_CN01_S04,CN01,S04,NoAzithromycin,No-AZculturesampledfrommiddleofevolutionexperiment,
SE15,4HDRNF_18_filtered.fastq,159020,159019,4642499,276,267.2,0,0,11,9,,4HDRNF_18_filtered.fastq,4HDRNF_18,CN01_S07,18,4HDRNF_18_CN01_S07,CN01,S07,NoAzithromycin,No-AZculturesampledfromendofevolutionexperiment,
SE11,4HDRNF_19_filtered.fastq,158180,158179,4642499,365,351.5,0,0,4,4,,4HDRNF_19_filtered.fastq,4HDRNF_19,CN02_S01,19,4HDRNF_19_CN02_S01,CN02,S01,NoAzithromycin,No-AZculturesampledfromstartofevolutionexperiment,
SE5,4HDRNF_2_filtered.fastq,78433,78433,4642499,156,151.9,0,0,19,17,,4HDRNF_2_filtered.fastq,4HDRNF_2,AZ01_S04,2,4HDRNF_2_AZ01_S04,AZ01,S04,Azithromycin,AZculturesampledfrommiddleofevolutionexperiment,
SE13,4HDRNF_20_filtered.fastq,110448,110448,4642499,222,218.6,0,0,24,21,,4HDRNF_20_filtered.fastq,4HDRNF_20,CN02_S04,20,4HDRNF_20_CN02_S01,CN02,S04,NoAzithromycin,No-AZculturesampledfrommiddleofevolutionexperiment,"Foldernameisshownin""Resultsfolder""column.SampleIDisshowninSampleIDcolumn.FoldernameindicatesadifferentsampleIDduetocopypasteerrorwhensubmitting.RealsampleIDisknown,thefoldernameisjustmisleading."
SE8,4HDRNF_21_filtered.fastq,65749,65749,4642499,113,110.4,0,0,27,23,,4HDRNF_21_filtered.fastq,4HDRNF_21,CN02_S07,21,4HDRNF_21_CN02_S04,CN02,S07,NoAzithromycin,No-AZculturesampledfromendofevolutionexperiment,"Foldernameisshownin""Resultsfolder""column.SampleIDisshowninSampleIDcolumn.FoldernameindicatesadifferentsampleIDduetocopypasteerrorwhensubmitting.RealsampleIDisknown,thefoldernameisjustmisleading."
SE6,4HDRNF_3_filtered.fastq,168974,168974,4642499,312,297.8,0,0,27,27,,4HDRNF_3_filtered.fastq,4HDRNF_3,AZ01_S07,3,4HDRNF_3_AZ01_S07,AZ01,S07,Azithromycin,AZculturesampledfromendofevolutionexperiment,
SE9,4HDRNF_4_filtered.fastq,72570,72570,4642499,107,103.8,0,0,21,14,,4HDRNF_4_filtered.fastq,4HDRNF_4,AZ02_S01,4,4HDRNF_4_AZ02_S01,AZ02,S01,Azithromycin,AZculturesampledfromstartofevolutionexperiment,
SE7,4HDRNF_5_filtered.fastq,94051,94051,4642499,185,179.7,0,0,24,19,,4HDRNF_5_filtered.fastq,4HDRNF_5,AZ02_S04,5,4HDRNF_5_AZ02_S04,AZ02,S04,Azithromycin,AZculturesampledfrommiddleofevolutionexperiment,
SE2,4HDRNF_6_filtered.fastq,161575,161575,4642499,302,295.1,0,0,28,28,,4HDRNF_6_filtered.fastq,4HDRNF_6,AZ02_S07,6,4HDRNF_6_AZ02_S07,AZ02,S07,Azithromycin,AZculturesampledfromendofevolutionexperiment,
SE1,4HDRNF_7_filtered.fastq,189334,189334,4642499,414,387.5,0,0,3,3,,4HDRNF_7_filtered.fastq,4HDRNF_7,AZ03_S01,7,4HDRNF_7_AZ03_S01,AZ03,S01,Azithromycin,AZculturesampledfromstartofevolutionexperiment,
SE3,4HDRNF_8_filtered.fastq,94526,94526,4642499,167,160,0,0,22,15,,4HDRNF_8_filtered.fastq,4HDRNF_8,AZ03_S04,8,4HDRNF_8_AZ03_S04,AZ03,S04,Azithromycin,AZculturesampledfrommiddleofevolutionexperiment,
SE4,4HDRNF_9_filtered.fastq,116939,116939,4642499,242,232.5,0,0,13,9,,4HDRNF_9_filtered.fastq,4HDRNF_9,AZ03_S07,9,4HDRNF_9_AZ03_S07,AZ03,S07,Azithromycin,AZculturesampledfromendofevolutionexperiment,